<?xml version="1.0" encoding="UTF-8"?>
<!DOCTYPE hibernate-mapping PUBLIC
"-//hibernate/hibernate mapping dtd2.0//en"
"http://hibernate.sourceforge.net/hibernate-mapping-3.0.dtd">
<hibernate-mapping>
<class name="mypojo" table="Login3">
<id name="name" column="name" type="string">
<generator class ="assigned"></generator></id>
<property name="email" type="string" column="email" />
<property name="pword" type="string" column="pword" />
<property name="address" type="string" column="address" />
<property name="message" type="string" column="message" />
</class>
</hibernate-mapping>